led,Vmin,lambda,sigma
led2-b1,2.5211296180185574,465.75,10.93077156970681
led1-b1,2.9169428504227244,398.94,6.777587966298383
led3-b1,1.794317964307627,561.33,11.104882538765839
led4-b1,1.6019739764658227,626.16,17.101094448799255
led5-b1,1.8040206836789283,629.55,6.773341357296923
led6-b1,1.7532773847321925,686.11,35.51439107904356
