led,Vmin,lambda,sigma
led1-b2,2.774082533656803,423.44,7.90718596068146
led2-b2,2.7206743745629165,453.69,9.988024371387121
led3-b2,1.8394935308765712,562.76,11.699407798967444
led4-b2,1.7565125482993957,587.17,14.778199325011562
led5-b2,1.8395218040539447,690.59,35.56959699606224
